Datetime,Water Level (m)
2025-12-16 12:00:00,-0.59948945
2025-12-16 13:00:00,-0.6709002
2025-12-16 14:00:00,-0.44841644
2025-12-16 15:00:00,-0.13691582
2025-12-16 16:00:00,0.05756309
2025-12-16 17:00:00,0.20044112
2025-12-16 18:00:00,0.31174392
2025-12-16 19:00:00,0.34910923
2025-12-16 20:00:00,0.2817427
2025-12-16 21:00:00,0.1176143
2025-12-16 22:00:00,-0.037145402
2025-12-16 23:00:00,-0.16825496
2025-12-17 00:00:00,-0.29661041
2025-12-17 01:00:00,-0.41604853
2025-12-17 02:00:00,-0.50693667
2025-12-17 03:00:00,-0.43172997
2025-12-17 04:00:00,-0.17031908
2025-12-17 05:00:00,-0.04598711
2025-12-17 06:00:00,0.0058237915
2025-12-17 07:00:00,0.005419054
2025-12-17 08:00:00,-0.100087725
2025-12-17 09:00:00,-0.25276315
2025-12-17 10:00:00,-0.35591784
2025-12-17 11:00:00,-0.4793298
2025-12-17 12:00:00,-0.57426137
2025-12-17 13:00:00,-0.664237
2025-12-17 14:00:00,-0.6799726
2025-12-17 15:00:00,-0.3860852
2025-12-17 16:00:00,-0.083768465
2025-12-17 17:00:00,0.09807304
2025-12-17 18:00:00,0.24124122
2025-12-17 19:00:00,0.35431173
2025-12-17 20:00:00,0.37428343
2025-12-17 21:00:00,0.25935626
2025-12-17 22:00:00,0.079647504
2025-12-17 23:00:00,-0.06814742
2025-12-18 00:00:00,-0.20136687
2025-12-18 01:00:00,-0.3346109
2025-12-18 02:00:00,-0.46135044
2025-12-18 03:00:00,-0.54413
2025-12-18 04:00:00,-0.39890692
2025-12-18 05:00:00,-0.12148579
2025-12-18 06:00:00,0.0088606635
2025-12-18 07:00:00,0.066081785
2025-12-18 08:00:00,0.057108864
2025-12-18 09:00:00,-0.08649208
2025-12-18 10:00:00,-0.24342814
2025-12-18 11:00:00,-0.3555259
2025-12-18 12:00:00,-0.48701626
2025-12-18 13:00:00,-0.5880643
2025-12-18 14:00:00,-0.67622787
2025-12-18 15:00:00,-0.61954737
2025-12-18 16:00:00,-0.24259685
2025-12-18 17:00:00,0.020354906
2025-12-18 18:00:00,0.21063904
2025-12-18 19:00:00,0.36606923
2025-12-18 20:00:00,0.4641701
2025-12-18 21:00:00,0.43836302
2025-12-18 22:00:00,0.269197
2025-12-18 23:00:00,0.086125225
2025-12-19 00:00:00,-0.06097349
2025-12-19 01:00:00,-0.20538811
2025-12-19 02:00:00,-0.3423865
2025-12-19 03:00:00,-0.46971563
2025-12-19 04:00:00,-0.503824
2025-12-19 05:00:00,-0.2282367
2025-12-19 06:00:00,0.00012956171
2025-12-19 07:00:00,0.107241355
2025-12-19 08:00:00,0.13717693
2025-12-19 09:00:00,0.06980498
2025-12-19 10:00:00,-0.114361614
2025-12-19 11:00:00,-0.2512307
2025-12-19 12:00:00,-0.36575708
2025-12-19 13:00:00,-0.49684352
2025-12-19 14:00:00,-0.59874856
2025-12-19 15:00:00,-0.6742378
2025-12-19 16:00:00,-0.49014026
2025-12-19 17:00:00,-0.10618912
2025-12-19 18:00:00,0.14333889
2025-12-19 19:00:00,0.33344445
2025-12-19 20:00:00,0.4832954
2025-12-19 21:00:00,0.5387623
2025-12-19 22:00:00,0.43735185
2025-12-19 23:00:00,0.23625758
2025-12-20 00:00:00,0.06253327
2025-12-20 01:00:00,-0.08765712
2025-12-20 02:00:00,-0.2401622
2025-12-20 03:00:00,-0.37130114
2025-12-20 04:00:00,-0.49497893
2025-12-20 05:00:00,-0.42592663
2025-12-20 06:00:00,-0.107884705
2025-12-20 07:00:00,0.075410105
2025-12-20 08:00:00,0.15782715
2025-12-20 09:00:00,0.15957552
2025-12-20 10:00:00,0.02787407
2025-12-20 11:00:00,-0.15079215
2025-12-20 12:00:00,-0.2795188
2025-12-20 13:00:00,-0.40173948
2025-12-20 14:00:00,-0.52904385
2025-12-20 15:00:00,-0.632808
2025-12-20 16:00:00,-0.6692693
2025-12-20 17:00:00,-0.34203607
2025-12-20 18:00:00,0.0040161726
2025-12-20 19:00:00,0.24080275
2025-12-20 20:00:00,0.42421728
2025-12-20 21:00:00,0.5490242
2025-12-20 22:00:00,0.53859174
2025-12-20 23:00:00,0.3589584
2025-12-21 00:00:00,0.16000576
2025-12-21 01:00:00,-0.0011671521
2025-12-21 02:00:00,-0.15689223
2025-12-21 03:00:00,-0.3076244
2025-12-21 04:00:00,-0.4420471
2025-12-21 05:00:00,-0.53407145
2025-12-21 06:00:00,-0.3331921
2025-12-21 07:00:00,-0.027331455
2025-12-21 08:00:00,0.12489059
2025-12-21 09:00:00,0.17131922
2025-12-21 10:00:00,0.12918223
2025-12-21 11:00:00,-0.051210035
2025-12-21 12:00:00,-0.20209299
2025-12-21 13:00:00,-0.32605302
2025-12-21 14:00:00,-0.46215093
2025-12-21 15:00:00,-0.5771522
2025-12-21 16:00:00,-0.673322
2025-12-21 17:00:00,-0.6223889
2025-12-21 18:00:00,-0.21079749
2025-12-21 19:00:00,0.09166098
2025-12-21 20:00:00,0.31551704
2025-12-21 21:00:00,0.48204967
2025-12-21 22:00:00,0.559465
2025-12-21 23:00:00,0.46059498
2025-12-22 00:00:00,0.24715109
2025-12-22 01:00:00,0.066658735
2025-12-22 02:00:00,-0.08743198
2025-12-22 03:00:00,-0.24348731
2025-12-22 04:00:00,-0.3821611
2025-12-22 05:00:00,-0.5151395
2025-12-22 06:00:00,-0.5114575
2025-12-22 07:00:00,-0.19690077
2025-12-22 08:00:00,0.035439726
2025-12-22 09:00:00,0.15023462
2025-12-22 10:00:00,0.17435251
2025-12-22 11:00:00,0.08166912
2025-12-22 12:00:00,-0.105746515
